img,title,date,json,no
20240608.jpg,別所ゆめ街道サイクリングロード,2024/06/08,20240608.geojson,144
20240602.jpg,清滝峠,2024/06/02,20240602.geojson,143
20240525.jpg,大阪緑の文化園,2024/05/25,20240525.geojson,142
20240504.jpg,沙沙貴神社～安土城等,2024/05/04,20240504.geojson,141
20240503.jpg,なるかわ園地(ハイク),2024/05/03,20240503.geojson,140
20240428.jpg,精華町～枚方市,2024/04/28,20240428.geojson,139
20240420.jpg,鳥羽～長岡天満宮,2024/04/20,20240420.geojson,138
20240414.jpg,枚岡山展望台(ハイク),2024/04/14,20240414.geojson,137
20240412.jpg,海津大崎～余呉湖,2024/04/12,20240412.geojson,136
20240405.jpg,岐阜羽島～四日市(木曽三川),2024/04/05,20240405.geojson,135
20240331.jpg,姫路城～圓教寺,2024/03/31,20240331.geojson,134
20240218.jpg,城南宮～北野天満宮,2024/02/18,20240218.geojson,133
20240210.jpg,香川県 直島,2024/02/10,20240210.geojson,132
20240209.jpg,高松市庵治半島,2024/02/09,20240209.geojson,131
20240203.jpg,神出山田自転車道,2024/02/03,20240203.geojson,130
20240128.jpg,清滝峠～淀川,2024/01/28,20240128.geojson,129
20231217.jpg,清滝峠～くろんど池,2023/12/17,20231217.geojson,128
20231209.jpg,若草山,2023/12/09,20231209.geojson,127
20231126.jpg,奥琵琶湖パークウェイ,2023/11/26,20231126.geojson,126
20231119.jpg,上桂～岩戸落葉神社,2023/11/19,20231119.geojson,125
20231111.jpg,南阿波スカイライン,2023/11/11,20231111.geojson,124
20231110.jpg,室戸岬散策,2023/11/10,20231110.geojson,123
20231104.jpg,大東市～嵐山ピストン,2023/11/04,20231104.geojson,122
20231028.jpg,名張駅～曾爾高原,2023/10/28,20231028.geojson,121
20231015.jpg,南港～大東市,2023/10/15,20231015.geojson,120
20231014b.jpg,壬生川駅～東予港,2023/10/14,20231014b.geojson,119
20231014.jpg,しまなみ海道(大三島～今治),20231014,20231014.geojson,118
20231013.jpg,しまなみ海道(尾道～大三島),20231013,20231013.geojson,117
20230917.jpg,吉野山ヒルクライム,2023/09/17,20230917.geojson,116
20230910.jpg,枚方～三川合流一周,2023/09/10,20230910.geojson,115
20230909.jpg,枚岡神社周辺,2023/09/09,20230909.geojson,114
20230826.jpg,清滝峠ピストン,2023/08/26,20230826.geojson,113
20230820.jpg,大川峠～孝子峠,2023/08/20,20230820.geojson,112
20230813.jpg,清滝峠ピストン,2023/08/13,20230813.geojson,111
20230729.jpg,清滝峠ピストン,2023/07/29,20230729.geojson,110
20230715.jpg,茨木市北部（安威川～銭原）,2023/07/15,20230715.geojson,109
20230702.jpg,箕面～箕面川ダム～豊能町,2023/07/02,20230702.geojson,108
20230618.jpg,長谷寺～三輪（大神神社）,2023/06/18,20230618.geojson,107
20230610.jpg,生駒山系一周反時計回り,2023/06/10,20230610.geojson,106
20230604.jpg,畝傍～岡寺～壺阪寺,2023/06/04,20230604.geojson,105
20230528.jpg,清滝峠,2023/05/28,20230528.geojson,104
20230521.jpg,亀岡観光ショートコース,2023/05/21,20230521.geojson,103
20230520.jpg,清滝峠,2023/05/20,20230520.geojson,102
20230429.jpg,けいはんな学研都市,2023/04/29,20230429.geojson,101
20230423.jpg,枚方～八幡～向日市,2023/04/23,20230423.geojson,100
20230408.jpg,南淡路水仙ライン,2023/04/08,20230408.geojson,99
20230325.jpg,琵琶湖疏水ポタリング,2023/03/25,20230325.geojson,98
20230204.jpg,千早赤坂村,2023/02/04,20230204.geojson,97
20230129.jpg,長岡京市マンホールライド,2023/01/29,20230129.geojson,96
20230121.jpg,木津川市スタンプラリー,2023/01/21,20230121.geojson,95
20230104.jpg,清滝峠～天野川～淀川,2023/01/04,20230104.geojson,94
20230103.jpg,高槻市内散策,2023/01/03,20230103.geojson,93
20221210.jpg,淡路島イザナギコース,2022/12/10,20221210.geojson,92
20221203.jpg,湖東三山,2022/12/03,20221203.geojson,91
20221127.jpg,米原～竹生島～近江今津,2022/11/27,20221127.geojson,90
20221112.jpg,淀川河川公園,2022/11/12,20221112.geojson,89
20221105.jpg,武庫川～中山寺,2022/11/05,20221105.geojson,88
20221030.jpg,清滝峠～くろんど池,2022/10/30,20221030.geojson,87
20221022.jpg,岡寺～壷阪寺～高取城,2022/10/22,20221022.geojson,86
20221016.jpg,奈良市内ポタリング,2022/10/16,20221016.geojson,85
20221015.jpg,信楽散策（陶器まつり）,2022/10/15,20221015.geojson,84
20221008.jpg,有馬富士周辺一周,2022/10/08,20221008.geojson,83
20221002.jpg,淀川（枚方～長柄橋）,2022/10/02,20221002.geojson,82
20221001.jpg,清滝峠～交野市,2022/10/01,20221001.geojson,81
20220910.jpg,生駒山系一周反時計回り,2022/09/10,20220910.geojson,80
20220904.jpg,武庫川～夙川～なぎさ海道,2022/09/04,20220904.geojson,79
20220903.jpg,清滝峠ピストン,2022/09/03,20220903.geojson,78
20220827.jpg,五條市 紀州・伊勢街道ルート,2022/08/27,20220827.geojson,77
20220814.jpg,榛原～室生ダム～室生寺,2022/08/14,20220814.geojson,76
20220807.jpg,王寺～大神神社～長谷寺,2022/08/07,20220807.geojson,75
20220806.jpg,清滝峠ピストン,2022/08/06,20220806.geojson,74
20220730.jpg,大正池～和束町～殻池峠,2022/07/30,20220730.geojson,73
20220724.jpg,琵琶湖南湖一周,2022/07/24,20220724.geojson,72
20220718.jpg,清滝峠,2022/07/18,20220718.geojson,71
20220717.jpg,伊賀市～南山城村,2022/07/17,20220717.geojson,70
20220702.jpg,柳谷ヒルクライム(島本町側),2022/07/02,20220702.geojson,69
20220626.jpg,清滝峠ピストン,2022/06/26,20220626.geojson,68
20220625.jpg,奈良市～橿原市,2022/06/25,20220625.geojson,67
20220619.jpg,猪名川～武庫川,2022/06/19,20220619.geojson,66
20220612.jpg,淀川～大阪湾岸～大和川,2022/06/12,20220612.geojson,65
20220604.jpg,淀川～木津川～裏清滝峠,2022/06/04,20220604.geojson,64
20220529.jpg,ブロンプトン清滝峠ヒルクライム,2022/05/29,20220529.geojson,63
20220528.jpg,TREK本町店～淀川,2022/05/28,20220528.geojson,62
20220515.jpg,清滝峠,2022/05/15,20220515.geojson,61
20220508.jpg,八日市～豊郷～多賀大社,2022/05/08,20220508.geojson,60
20220430.jpg,枚岡神社,2022/04/30,20220430.geojson,59
20220423.jpg,京田辺～宇治～大津,2022/04/23,20220423.geojson,58
20220417.jpg,紀伊田辺～すさみ,2022/04/17,20220417.geojson,57
20220409.jpg,清滝峠～くろんど池,2022/04/09,20220409.geojson,56
20220402.jpg,枚方～背割堤・流れ橋,2022/04/02,20220402.geojson,55
20220320.jpg,城南宮～三室戸寺,2022/03/20,20220320.geojson,54
20220313.jpg,淀の河津桜,2022/03/13,20220313.geojson,53
20220226.jpg,葡萄坂～信貴山～十三峠,2022/02/26,20220226.geojson,52
20220212.jpg,勝尾寺ヒルクライム,2022/02/12,20220212.geojson,51
20220206.jpg,恩智川、枚岡神社,2022/02/06,20220206.geojson,50
20220205.jpg,淀川（枚方大橋～長柄橋）,2022/02/05,20220205.geojson,49
20220130.jpg,清滝峠,2022/01/30,20220130.geojson,48
20220129.jpg,枚方～総持寺～大山崎,2022/01/29,20220129.geojson,47
20220122.jpg,粉河寺～紀三井寺,2022/01/22,20220122.geojson,46
20220116.jpg,生駒山地一周,2022/01/16,20220116.geojson,45
20220115.jpg,寝屋川～淀川～天野川,2022/01/15,20220115.geojson,44
20220109.jpg,勝尾寺ヒルクライム,2022/01/09,20220109.geojson,43
20220108.jpg,清滝峠～淀川,2022/01/08,20220108.geojson,42
20211219.jpg,清滝峠～くろんど池,2021/12/19,20211219.geojson,41
20211212.jpg,本町～桜ノ宮公園～淀川,2021/12/12,20211212.geojson,40
20211211.jpg,清滝峠～淀川～城北川,2021/12/11,20211211.geojson,39
20211205.jpg,恩智川～葛井寺～王寺,2021/12/05,20211205b.geojson,38
20211204.jpg,住道～清滝峠（往復）,2021/12/04,20211204.geojson,37
20211128.jpg,亀の瀬～法隆寺,2021/11/28,20211128.geojson,36
20211127.jpg,清滝峠～くろんど池,2021/11/27,20211127.geojson,35
20211123.jpg,葡萄坂～信貴山～十三峠,2021/11/23,20211123.geojson,34
20211121.jpg,神戸市（灘～須磨海岸）,2021/11/21,20211121.geojson,33
20211114.jpg,清滝峠～淀川～中央環状,2021/11/14,20211114.geojson,32
20211113.jpg,近江舞子～守山～大津,2021/11/13,20211113.geojson,31
20211107.jpg,清滝峠～淀川～中央環状,2021/11/07,20211107.geojson,30
20211106.jpg,近江塩津～近江舞子,2021/11/06,20211106.geojson,29
20211103.jpg,清滝峠～天野川～淀川,2021/11/03,20211103.geojson,28
20211023.jpg,彦根～近江塩津,2021/10/23,20211023.geojson,27
20211009.jpg,近江八幡～長命寺～彦根,2021/10/09,20211009.geojson,26
20210925.jpg,野崎～枚岡～瓢箪山,2021/09/25,20210925.geojson,25
20210919.jpg,筒井～明日香～橿原神宮,2021/09/19,20210919.geojson,24
20210912.jpg,篠山口～福住～篠山城跡,2021/09/12,20210912.geojson,23
20210828.jpg,大和川下流～住吉大社,2021/08/28,20210828.geojson,22
20210822.jpg,百舌鳥・古市古墳群,2021/08/22,20210822.geojson,21
20210801.jpg,河内長野市（観心寺ほか）,2021/08/01,20210801.geojson,20
20210724.jpg,三川合流～嵐山,2021/07/24,20210724.geojson,19
20210704.jpg,奈良市若草山周辺,2021/07/04,20210704.geojson,18
20210626.jpg,吉野川河口周辺,2021/06/26,20210626.geojson,17
20210620.jpg,三川合流～天ケ瀬ダム,2021/6/20,20210620.geojson,16
20210612.jpg,安威川～彩都,2021/6/12,20210612.geojson,15
20210605.jpg,毛馬～なにわ自転車道,2021/6/5,20210605.geojson,14
20210529.jpg,阪南市～岬町（海岸線）,2021/5/29,20210529.geojson,13
20210523.jpg,淀川河口～舞洲,2021/5/23,20210523.geojson,12
20210515.jpg,木津川,2021/5/15,20210515.geojson,11
20210509.jpg,摂津富田,2021/5/9,20210509.geojson,10
20210424.jpg,富田林市,2021/4/24,20210424.geojson,9
20210411.jpg,淀川河川公園（枚方市）,2021/4/11,20210411.geojson,8
20210410.jpg,私市（交野市）,2021/4/10,20210410.geojson,7
20210403.jpg,宇陀市,2021/4/3,20210403.geojson,6
20210327.jpg,西大寺～郡山,2021/3/27,20210327.geojson,5
20210314.jpg,南河内サイクルライン,2021/3/14,20210314.geojson,4
20210307.jpg,竜田川（平群町）,2021/3/7,20210307.geojson,3
20210227.jpg,リサイクル公園（和泉市）,2021/2/27,20210227.geojson,2
20210220.jpg,淀川河川公園（守口市）,2021/2/20,20210220.geojson,1
